{"cameraMode":{"drawMode":0,"name":"Shaded","section":"Shading Mode"},"sceneLighting":false,"audioPlay":false,"sceneViewState":{"showFog":true,"showMaterialUpdate":true,"showSkybox":false,"showFlares":true,"showImageEffects":true,"showParticleSystems":true},"in2DMode":false,"pivot":{"x":0.718889057636261,"y":-1.949070930480957,"z":-0.24756383895874024},"rotation":{"x":0.13485319912433625,"y":0.026749176904559137,"z":-0.0036083089653402569,"w":0.9905258417129517},"size":4.118173122406006,"orthographic":false}