{"cameraMode":{"drawMode":0,"name":"Shaded","section":"Shading Mode"},"sceneLighting":false,"audioPlay":false,"sceneViewState":{"showFog":true,"showMaterialUpdate":true,"showSkybox":false,"showFlares":true,"showImageEffects":true,"showParticleSystems":true},"in2DMode":false,"pivot":{"x":-52.62260055541992,"y":0.2290956974029541,"z":-0.5387163162231445},"rotation":{"x":0.22312286496162415,"y":0.3380550742149353,"z":-0.08283943682909012,"w":0.9105389714241028},"size":9.037422180175782,"orthographic":false}