{"cameraMode":{"drawMode":0,"name":"Shaded","section":"Shading Mode"},"sceneLighting":false,"audioPlay":false,"sceneViewState":{"showFog":true,"showMaterialUpdate":true,"showSkybox":true,"showFlares":true,"showImageEffects":true,"showParticleSystems":true},"in2DMode":false,"pivot":{"x":-27.22942352294922,"y":-21.819149017333986,"z":11.939994812011719},"rotation":{"x":-0.19825805723667146,"y":0.624022901058197,"z":-0.16789841651916505,"w":-0.736980140209198},"size":74.38973999023438,"orthographic":false}