{"cameraMode":{"drawMode":0,"name":"Shaded","section":"Shading Mode"},"sceneLighting":false,"audioPlay":false,"sceneViewState":{"showFog":true,"showMaterialUpdate":true,"showSkybox":false,"showFlares":true,"showImageEffects":true,"showParticleSystems":true},"in2DMode":false,"pivot":{"x":139.37310791015626,"y":81.46987915039063,"z":175.0087890625},"rotation":{"x":0.04791736230254173,"y":-0.6674195528030396,"z":0.04310927912592888,"w":0.7418936491012573},"size":801.4727172851563,"orthographic":false}