{"cameraMode":{"drawMode":0,"name":"Shaded","section":"Shading Mode"},"sceneLighting":true,"audioPlay":false,"sceneViewState":{"showFog":true,"showMaterialUpdate":true,"showSkybox":true,"showFlares":true,"showImageEffects":true,"showParticleSystems":true},"in2DMode":false,"pivot":{"x":-0.6676203608512878,"y":-4.9744038581848148,"z":-6.193683624267578},"rotation":{"x":-0.10045059770345688,"y":-0.2919199466705322,"z":0.03100774995982647,"w":-0.9507744908332825},"size":74.37606811523438,"orthographic":false}