{"cameraMode":{"drawMode":0,"name":"Shaded","section":"Shading Mode"},"sceneLighting":false,"audioPlay":false,"sceneViewState":{"showFog":true,"showMaterialUpdate":true,"showSkybox":false,"showFlares":true,"showImageEffects":true,"showParticleSystems":true},"in2DMode":false,"pivot":{"x":-52.400001525878909,"y":1.0299999713897706,"z":-2.009000062942505},"rotation":{"x":0.1271974891424179,"y":0.06392586976289749,"z":-0.008215448819100857,"w":0.9897847175598145},"size":9.037422180175782,"orthographic":false}