{"cameraMode":{"drawMode":0,"name":"Shaded","section":"Shading Mode"},"sceneLighting":true,"audioPlay":false,"sceneViewState":{"showFog":true,"showMaterialUpdate":true,"showSkybox":true,"showFlares":true,"showImageEffects":true,"showParticleSystems":true},"in2DMode":false,"pivot":{"x":5.779664516448975,"y":12.852914810180664,"z":-10.092681884765625},"rotation":{"x":-0.02130863443017006,"y":0.006609871052205563,"z":-0.00014883122639730573,"w":-0.9998065829277039},"size":65.59788513183594,"orthographic":false}