{"cameraMode":{"drawMode":0,"name":"Shaded","section":"Shading Mode"},"sceneLighting":false,"audioPlay":false,"sceneViewState":{"showFog":true,"showMaterialUpdate":true,"showSkybox":false,"showFlares":true,"showImageEffects":true,"showParticleSystems":true},"in2DMode":false,"pivot":{"x":0.0,"y":62.042388916015628,"z":1.0479999780654908},"rotation":{"x":-0.1411329060792923,"y":0.39801332354545596,"z":-0.06211008131504059,"w":-0.9043506383895874},"size":156.7356719970703,"orthographic":false}