{"cameraMode":{"drawMode":0,"name":"Shaded","section":"Shading Mode"},"sceneLighting":false,"audioPlay":false,"sceneViewState":{"showFog":true,"showMaterialUpdate":true,"showSkybox":false,"showFlares":true,"showImageEffects":true,"showParticleSystems":true},"in2DMode":false,"pivot":{"x":8.232187271118164,"y":23.57612419128418,"z":2.779041290283203},"rotation":{"x":0.040051013231277469,"y":0.07994922250509262,"z":0.0032217754051089288,"w":-0.9960095882415772},"size":83.89556884765625,"orthographic":false}