{"cameraMode":{"drawMode":0,"name":"Shaded","section":"Shading Mode"},"sceneLighting":true,"audioPlay":false,"sceneViewState":{"showFog":true,"showMaterialUpdate":true,"showSkybox":true,"showFlares":true,"showImageEffects":true,"showParticleSystems":true},"in2DMode":false,"pivot":{"x":-1.852643370628357,"y":-1.1014631986618043,"z":12.872611999511719},"rotation":{"x":-0.054219797253608707,"y":0.05149342119693756,"z":-0.0027355130296200516,"w":-0.9973086714744568},"size":49.77972412109375,"orthographic":false}